[
  {
    "id": 351,
    "title": "普法依法治理",
  },
  {
    "id": 352,
    "title": "律师",
  },
  {
    "id": 353,
    "title": "公正",
  },
  {
    "id": 354,
    "title": "司法鉴定",
  },
  {
    "id": 355,
    "title": "司法考试",
  },
  {
    "id": 356,
    "title": "安置帮教",
  },
  {
    "id": 357,
    "title": "社区矫正",
  },
  {
    "id": 358,
    "title": "仲裁",
  },
  {
    "id": 359,
    "title": "戒毒",
  },
  {
    "id": 360,
    "title": "监狱管理",
  },
  {
    "id": 361,
    "title": "政府12345",
  },
  {
    "id": 362,
    "title": "公安110",
  },
